,Model
0,Acura RLX
1,Acura RDX
2,Acura NSX
3,Acura MDX
4,Acura TLX
5,Acura ILX
6,Alfa Romeo 4C
7,Aston Martin V12 Vantage S
8,Aston Martin Rapide S
9,Aston Martin V8 Vantage
10,Aston Martin Vanquish
11,Aston Martin DB9 GT
12,Audi TT
13,Audi TTS
14,Audi A3
15,Audi S7
16,Audi A8
17,Audi A7
18,Audi allroad
19,Audi A6
20,Audi A5
21,Audi A4
22,Audi A4 allroad
23,Audi S6
24,Audi S4
25,Audi S8
26,Audi S3
27,Audi RS 7
28,Audi SQ5
29,Audi R8
30,Audi Q7
31,Audi Q5
32,Audi Q3
33,Audi S5
34,BMW M3
35,BMW i3
36,BMW M2
37,BMW M6
38,BMW M6 Gran Coupe
39,BMW M5
40,BMW M4
41,BMW M4 GTS
42,BMW Z4
43,BMW X6 M
44,BMW 7 Series
45,BMW 3 Series Gran Turismo
46,BMW 3 Series
47,BMW 6 Series Gran Coupe
48,BMW ActiveHybrid 5
49,BMW X3
50,BMW X4
51,BMW 4 Series Gran Coupe
52,BMW 6 Series
53,BMW X1
54,BMW ALPINA B6 Gran Coupe
55,BMW X5
56,BMW 4 Series
57,BMW X6
58,BMW 2 Series
59,BMW 5 Series
60,BMW 5 Series Gran Turismo
61,BMW ALPINA B7
62,BMW X5 M
63,Bentley Flying Spur
64,Bentley Mulsanne
65,Bentley Continental GT
66,Buick Regal
67,Buick Cascada
68,Buick Verano
69,Buick LaCrosse
70,Buick Enclave
71,Buick Encore
72,Buick Envision
73,Cadillac ATS Coupe
74,Cadillac CTS
75,Cadillac ATS-V
76,Cadillac ATS
77,Cadillac Escalade
78,Cadillac Escalade ESV
79,Cadillac SRX
80,Cadillac XT5
81,Cadillac XTS
82,Cadillac CT6
83,Cadillac CTS-V
84,Chevrolet Impala Limited
85,Chevrolet Malibu Limited
86,Chevrolet Impala
87,Chevrolet Equinox
88,Chevrolet Malibu
89,Chevrolet Express
90,Chevrolet Cruze Limited
91,Chevrolet Tahoe
92,Chevrolet Suburban
93,Chevrolet SS
94,Chevrolet Spark
95,Chevrolet Spark EV
96,Chevrolet Bolt EV
97,Chevrolet Sonic
98,Chevrolet Silverado 1500
99,Chevrolet Cruze
100,Chevrolet Camaro
101,Chevrolet Trax
102,Chevrolet City Express
103,Chevrolet Colorado
104,Chevrolet Traverse
105,Chevrolet Corvette
106,Chrysler 300
107,Chrysler 200
108,Chrysler Pacifica
109,Chrysler Town and Country
110,Dodge Challenger
111,Dodge Charger
112,Dodge Durango
113,Dodge Journey
114,Dodge Dart
115,Dodge Grand Caravan
116,Dodge Viper
117,FIAT 124 Spider
118,FIAT 500e
119,FIAT 500
120,FIAT 500L
121,FIAT 500X
122,Ford F-150
123,Ford Mustang
124,Ford Explorer
125,Ford Escape
126,Ford C-Max Hybrid
127,Ford Shelby GT350
128,Ford Taurus
129,Ford Transit Connect
130,Ford Transit Wagon
131,Ford Edge
132,Ford Fusion Hybrid
133,Ford Fusion
134,Ford Expedition
135,Ford Flex
136,Ford Focus ST
137,Ford Focus RS
138,Ford Focus
139,Ford Fiesta
140,GMC Savana
141,GMC Sierra 1500
142,GMC Savana Cargo
143,GMC Yukon
144,GMC Yukon XL
145,GMC Acadia Limited
146,GMC Terrain
147,GMC Acadia
148,GMC Canyon
149,Genesis G80
150,Honda CR-V
151,Honda Ridgeline
152,Honda Odyssey
153,Honda Fit
154,Honda Pilot
155,Honda CR-Z
156,Honda Civic
157,Honda HR-V
158,Honda Accord Hybrid
159,Honda Accord
160,Hyundai Elantra GT
161,Hyundai Genesis Coupe
162,Hyundai Genesis
163,Hyundai Veloster
164,Hyundai Tucson
165,Hyundai Accent
166,Hyundai Elantra
167,Hyundai Azera
168,Hyundai Sonata Hybrid
169,Hyundai Equus
170,Hyundai Santa Fe
171,Hyundai Sonata
172,Hyundai Santa Fe Sport
173,Infiniti Q60 Coupe
174,Infiniti Q50
175,Infiniti QX60
176,Infiniti QX70
177,Infiniti QX80
178,Infiniti Q70
179,Infiniti QX50
180,Kia Sedona
181,Kia Rio
182,Kia Soul
183,Kia Sportage
184,Kia Cadenza
185,Kia Soul EV
186,Kia Sorento
187,Kia Optima
188,Kia Optima Hybrid
189,Kia K900
190,Kia Forte
191,Lamborghini Huracan
192,Lamborghini Aventador
193,Land Rover LR4
194,Land Rover Range Rover
195,Land Rover Range Rover Sport
196,Land Rover Discovery Sport
197,Land Rover Range Rover Evoque
198,Lexus IS 300
199,Lexus LS 460
200,Lexus RC 200t
201,Lexus GS 350
202,Lexus GS 450h
203,Lexus GS F
204,Lexus GX 460
205,Lexus ES 350
206,Lexus RX 450h
207,Lexus RX 350
208,Lexus NX 300h
209,Lexus ES 300h
210,Lexus RC F
211,Lexus RC 350
212,Lexus RC 300
213,Lexus IS 350
214,Lexus IS 200t
215,Lexus NX 200t
216,Lexus GS 200t
217,Lexus LS 600h L
218,Lexus LX 570
219,Lexus CT 200h
220,Lincoln MKZ
221,Lincoln Navigator
222,Lincoln MKS
223,Lincoln MKT
224,Lincoln Continental
225,Lincoln MKC
226,Lincoln MKX
227,Lotus Evora 400
228,Maserati GranTurismo
229,Maserati Ghibli
230,Maserati Levante
231,Maserati Quattroporte
232,Maserati GranTurismo Convertible
233,Mazda CX-3
234,Mazda CX-5
235,Mazda CX-9
236,Mazda 3
237,Mazda MX-5 Miata
238,Mazda 6
239,McLaren 570S
240,Mercedes-Benz GLC-Class
241,Mercedes-Benz C-Class
242,Mercedes-Benz GLA-Class
243,Mercedes-Benz GLE-Class Coupe
244,Mercedes-Benz GL-Class
245,Mercedes-Benz GLE-Class
246,Mercedes-Benz SL-Class
247,Mercedes-Benz SLC-Class
248,Mercedes-Benz GLS-Class
249,Mercedes-Benz SLK-Class
250,Mercedes-Benz AMG GT
251,Mercedes-Benz B-Class Electric Drive
252,Mercedes-Benz S-Class
253,Mercedes-Benz E-Class
254,Mercedes-Benz CLA-Class
255,Mercedes-Benz G-Class
256,Mercedes-Benz CLS-Class
257,Mercedes-Benz Maybach
258,Mercedes-Benz Metris
259,Mitsubishi Lancer
260,Mitsubishi Outlander
261,Mitsubishi Outlander Sport
262,Mitsubishi i-MiEV
263,Mitsubishi Mirage
264,Mitsubishi Mirage G4
265,Nissan Versa Note
266,Nissan Maxima
267,Nissan Pathfinder
268,Nissan Sentra
269,Nissan GT-R
270,Nissan Altima
271,Nissan Leaf
272,Nissan Murano
273,Nissan NV200
274,Nissan Titan
275,Nissan Versa
276,Nissan Armada
277,Nissan Frontier
278,Nissan Quest
279,Nissan Juke
280,Nissan 370Z
281,Nissan Rogue
282,Porsche Cayman
283,Porsche Macan
284,Porsche 718 Cayman
285,Porsche 911
286,Porsche Boxster
287,Porsche Cayenne
288,Porsche Panamera
289,Rolls-Royce Dawn
290,Rolls-Royce Wraith
291,Rolls-Royce Phantom Drophead Coupe
292,Rolls-Royce Phantom
293,Rolls-Royce Ghost Series II
294,Rolls-Royce Phantom Coupe
295,Scion iA
296,Scion tC
297,Scion iM
298,Scion FR-S
299,Subaru BRZ
300,Subaru Legacy
301,Subaru Impreza
302,Subaru Crosstrek
303,Subaru Forester
304,Subaru Outback
305,Subaru WRX
306,Tesla Model S
307,Toyota Tundra
308,Toyota 86
309,Toyota Yaris
310,Toyota 4Runner
311,Toyota Yaris iA
312,Toyota Camry Hybrid
313,Toyota Prius
314,Toyota RAV4
315,Toyota RAV4 Hybrid
316,Toyota Highlander
317,Toyota Highlander Hybrid
318,Toyota Sequoia
319,Toyota Sienna
320,Toyota Corolla
321,Toyota Corolla iM
322,Toyota Prius v
323,Toyota Avalon
324,Toyota Tacoma
325,Toyota Avalon Hybrid
326,Toyota Prius Prime
327,Toyota Prius c
328,Toyota Land Cruiser
329,Toyota Camry
330,Volkswagen CC
331,Volkswagen Eos
332,Volkswagen Jetta
333,Volkswagen Passat
334,Volkswagen Golf GTI
335,Volkswagen Tiguan
336,Volkswagen Touareg
337,Volkswagen Golf R
338,Volkswagen Golf Alltrack
339,Volkswagen Golf SportWagen
340,Volkswagen Beetle
341,Volkswagen Beetle Convertible
342,Volkswagen e-Golf
343,Volkswagen Golf
344,Volvo S60 Cross Country
345,Volvo XC60
346,Volvo XC70
347,Volvo V60 Cross Country
348,Volvo V60
349,Volvo S90
350,Volvo S80
351,Volvo XC90
352,Volvo S60
